"method","beta","lb","ub","tau","name","dithering"
"nid",-0.0705678127615591,-0.58274631434814,0.441610688825022,0.1,"arsenic.t1.res","Yes"
"riid",-0.0705678127615591,-1.31737843885588,0.365227230718787,0.1,"arsenic.t1.res","Yes"
"rnid",-0.0705678127615591,-1.31754298510012,0.366552634352267,0.1,"arsenic.t1.res","Yes"
"xy",-0.0705678127615591,-0.890553203622642,0.749417578099524,0.1,"arsenic.t1.res","Yes"
"wild",-0.0705678127615591,-0.807912599127119,0.666776973604001,0.1,"arsenic.t1.res","Yes"
"pbs",-0.0705678127615591,-1.19670907524772,0.592456846148901,0.1,"arsenic.t1.res","Yes"
"nid",-0.189319441595984,-0.670639816139002,0.292000932947034,0.3,"arsenic.t1.res","Yes"
"riid",-0.189319441595984,-0.727247944162214,0.526394032523706,0.3,"arsenic.t1.res","Yes"
"rnid",-0.189319441595984,-0.72798714978402,0.527642266081403,0.3,"arsenic.t1.res","Yes"
"xy",-0.189319441595984,-0.778772833864866,0.400133950672897,0.3,"arsenic.t1.res","Yes"
"wild",-0.189319441595984,-0.784848200364142,0.406209317172174,0.3,"arsenic.t1.res","Yes"
"pbs",-0.189319441595984,-0.742022845503091,0.394291758410918,0.3,"arsenic.t1.res","Yes"
"nid",-0.242770812568604,-0.788678490147307,0.3031368650101,0.5,"arsenic.t1.res","Yes"
"riid",-0.242770812568604,-0.726382137382203,0.203691736612767,0.5,"arsenic.t1.res","Yes"
"rnid",-0.242770812568604,-0.726944951517449,0.20449641366812,0.5,"arsenic.t1.res","Yes"
"xy",-0.242770812568604,-0.775948375857931,0.290406750720723,0.5,"arsenic.t1.res","Yes"
"wild",-0.242770812568604,-0.759795746856424,0.274254121719217,0.5,"arsenic.t1.res","Yes"
"pbs",-0.242770812568604,-0.77784214435813,0.290353149047576,0.5,"arsenic.t1.res","Yes"
"nid",-0.207883310436024,-0.88500606092316,0.469239440051113,0.7,"arsenic.t1.res","Yes"
"riid",-0.207883310436024,-0.989218680325389,0.123930744795543,0.7,"arsenic.t1.res","Yes"
"rnid",-0.207883310436024,-0.991521141816928,0.124301943885433,0.7,"arsenic.t1.res","Yes"
"xy",-0.207883310436024,-0.890365251524067,0.47459863065202,0.7,"arsenic.t1.res","Yes"
"wild",-0.207883310436024,-0.776676884985317,0.36091026411327,0.7,"arsenic.t1.res","Yes"
"pbs",-0.207883310436024,-0.929905294548086,0.374025228641323,0.7,"arsenic.t1.res","Yes"
"nid",0.749935275282266,-0.20240402901589,1.70227457958042,0.9,"arsenic.t1.res","Yes"
"riid",0.749935275282266,-0.802444547770955,1.51505003712119,0.9,"arsenic.t1.res","Yes"
"rnid",0.749935275282266,-0.878896678336609,1.53531449311488,0.9,"arsenic.t1.res","Yes"
"xy",0.749935275282266,-0.587920939581023,2.08779149014555,0.9,"arsenic.t1.res","Yes"
"wild",0.749935275282266,-0.197556116379818,1.69742666694435,0.9,"arsenic.t1.res","Yes"
"pbs",0.749935275282266,-0.872348741758147,1.82702725900666,0.9,"arsenic.t1.res","Yes"
"nid",0.515787382230243,-0.0254297452690622,1.05700450972955,0.1,"lead.t1.res","Yes"
"riid",0.515787382230243,-0.4628642870987,1.43360580969427,0.1,"lead.t1.res","Yes"
"rnid",0.515787382230243,-0.865172258810065,1.5951694425572,0.1,"lead.t1.res","Yes"
"xy",0.515787382230243,-0.495579764709968,1.52715452917045,0.1,"lead.t1.res","Yes"
"wild",0.515787382230243,-0.280281675959928,1.31185644042041,0.1,"lead.t1.res","Yes"
"pbs",0.515787382230243,-0.520426426461439,1.63306599057778,0.1,"lead.t1.res","Yes"
"nid",-0.0222277424655779,-0.674289175161619,0.629833690230464,0.3,"lead.t1.res","Yes"
"riid",-0.0222277424655779,-0.680024382137,0.602933232044483,0.3,"lead.t1.res","Yes"
"rnid",-0.0222277424655779,-0.680771367001957,0.603996524357761,0.3,"lead.t1.res","Yes"
"xy",-0.0222277424655779,-0.710014238502859,0.665558753571703,0.3,"lead.t1.res","Yes"
"wild",-0.0222277424655779,-0.757192025412561,0.712736540481405,0.3,"lead.t1.res","Yes"
"pbs",-0.0222277424655779,-0.816290331594994,0.715880925828275,0.3,"lead.t1.res","Yes"
"nid",-0.137400999261266,-0.914396670815004,0.639594672292473,0.5,"lead.t1.res","Yes"
"riid",-0.137400999261266,-0.683016371706176,0.753085801752402,0.5,"lead.t1.res","Yes"
"rnid",-0.137400999261266,-0.683154719719368,0.754522454822374,0.5,"lead.t1.res","Yes"
"xy",-0.137400999261266,-0.988534159902176,0.713732161379645,0.5,"lead.t1.res","Yes"
"wild",-0.137400999261266,-0.923363958763078,0.648561960240547,0.5,"lead.t1.res","Yes"
"pbs",-0.137400999261266,-0.716773199367538,1.03812435425536,0.5,"lead.t1.res","Yes"
"nid",-0.0385061061010539,-1.12003732597835,1.04302511377625,0.7,"lead.t1.res","Yes"
"riid",-0.0385061061010539,-0.39882169645836,0.864787843721701,0.7,"lead.t1.res","Yes"
"rnid",-0.0385061061010539,-0.39888760187428,0.865794932396185,0.7,"lead.t1.res","Yes"
"xy",-0.0385061061010539,-0.890852566800693,0.813840354598585,0.7,"lead.t1.res","Yes"
"wild",-0.0385061061010539,-0.777833207907614,0.700820995705506,0.7,"lead.t1.res","Yes"
"pbs",-0.0385061061010539,-0.72790785448608,1.07437844721017,0.7,"lead.t1.res","Yes"
"nid",0.944779597942395,-0.149317361734267,2.03887655761906,0.9,"lead.t1.res","Yes"
"riid",0.944779597942395,-1.05082848128704,2.08864788517182,0.9,"lead.t1.res","Yes"
"rnid",0.944779597942395,-1.07873920175237,2.17821020904476,0.9,"lead.t1.res","Yes"
"xy",0.944779597942395,-0.845272031708877,2.73483122759367,0.9,"lead.t1.res","Yes"
"wild",0.944779597942395,-0.604644358590273,2.49420355447506,0.9,"lead.t1.res","Yes"
"pbs",0.944779597942395,-1.05290035708274,2.42603320824141,0.9,"lead.t1.res","Yes"
"nid",-0.00100469095564235,-0.356003013793923,0.353993631882638,0.1,"bbhc.t1.res","Yes"
"riid",-0.00100469095564235,-0.197198758065595,0.507596237213777,0.1,"bbhc.t1.res","Yes"
"rnid",-0.00100469095564235,-0.200073929469262,0.507956667959113,0.1,"bbhc.t1.res","Yes"
"xy",-0.00100469095564235,-0.415330509905674,0.413321127994389,0.1,"bbhc.t1.res","Yes"
"wild",-0.00100469095564235,-0.382168322541192,0.380158940629908,0.1,"bbhc.t1.res","Yes"
"pbs",-0.00100469095564235,-0.446205959500008,0.453318079442525,0.1,"bbhc.t1.res","Yes"
"nid",-0.0550047125678296,-0.329709227752907,0.219699802617248,0.3,"bbhc.t1.res","Yes"
"riid",-0.0550047125678296,-0.586480555114609,0.276336023877481,0.3,"bbhc.t1.res","Yes"
"rnid",-0.0550047125678296,-0.624650802276953,0.291833621591023,0.3,"bbhc.t1.res","Yes"
"xy",-0.0550047125678296,-0.468262344625415,0.358252919489756,0.3,"bbhc.t1.res","Yes"
"wild",-0.0550047125678296,-0.453958722251806,0.343949297116147,0.3,"bbhc.t1.res","Yes"
"pbs",-0.0550047125678296,-0.554002409867397,0.30609535710299,0.3,"bbhc.t1.res","Yes"
"nid",-0.171855427986152,-0.559593631842466,0.215882775870161,0.5,"bbhc.t1.res","Yes"
"riid",-0.171855427986152,-0.472838449890503,0.482094201804755,0.5,"bbhc.t1.res","Yes"
"rnid",-0.171855427986152,-0.473669504646126,0.482113705781788,0.5,"bbhc.t1.res","Yes"
"xy",-0.171855427986152,-0.679612111341108,0.335901255368803,0.5,"bbhc.t1.res","Yes"
"wild",-0.171855427986152,-0.67759906339971,0.333888207427405,0.5,"bbhc.t1.res","Yes"
"pbs",-0.171855427986152,-0.518621838941474,0.46427532892995,0.5,"bbhc.t1.res","Yes"
"nid",0.0437669664233422,-0.509893843551454,0.597427776398138,0.7,"bbhc.t1.res","Yes"
"riid",0.0437669664233422,-0.468363955221896,0.429168411488183,0.7,"bbhc.t1.res","Yes"
"rnid",0.0437669664233422,-0.468747129092225,0.429250530478233,0.7,"bbhc.t1.res","Yes"
"xy",0.0437669664233422,-0.537334940511283,0.624868873357967,0.7,"bbhc.t1.res","Yes"
"wild",0.0437669664233422,-0.473286597853463,0.560820530700147,0.7,"bbhc.t1.res","Yes"
"pbs",0.0437669664233422,-0.605777144477722,0.484613198861068,0.7,"bbhc.t1.res","Yes"
"nid",0.266691084078987,-0.0809931354938928,0.614375303651867,0.9,"bbhc.t1.res","Yes"
"riid",0.266691084078987,-0.394815537504278,0.799092203518198,0.9,"bbhc.t1.res","Yes"
"rnid",0.266691084078987,-0.395431106253057,0.825445767055113,0.9,"bbhc.t1.res","Yes"
"xy",0.266691084078987,-0.299302178361319,0.832684346519294,0.9,"bbhc.t1.res","Yes"
"wild",0.266691084078987,-0.169859583559444,0.703241751717419,0.9,"bbhc.t1.res","Yes"
"pbs",0.266691084078987,-0.390881420237867,0.739890273782244,0.9,"bbhc.t1.res","Yes"
"nid",0.270935120189093,-0.141471386740729,0.683341627118914,0.1,"sum.pcb.t1.res","Yes"
"riid",0.270935120189093,-0.120514402574242,1.06049857131583,0.1,"sum.pcb.t1.res","Yes"
"rnid",0.270935120189093,-0.140129335281107,1.06357409971729,0.1,"sum.pcb.t1.res","Yes"
"xy",0.270935120189093,-0.404907668137444,0.946777908515629,0.1,"sum.pcb.t1.res","Yes"
"wild",0.270935120189093,-0.379300362357961,0.921170602736146,0.1,"sum.pcb.t1.res","Yes"
"pbs",0.270935120189093,-0.223995707162243,1.0951101554929,0.1,"sum.pcb.t1.res","Yes"
"nid",0.178448666084217,-0.217063461580764,0.573960793749198,0.3,"sum.pcb.t1.res","Yes"
"riid",0.178448666084217,-0.267882158117093,0.9464356492946,0.3,"sum.pcb.t1.res","Yes"
"rnid",0.178448666084217,-0.267977495842585,0.948825166090852,0.3,"sum.pcb.t1.res","Yes"
"xy",0.178448666084217,-0.383005230051057,0.739902562219491,0.3,"sum.pcb.t1.res","Yes"
"wild",0.178448666084217,-0.360350223517976,0.71724755568641,0.3,"sum.pcb.t1.res","Yes"
"pbs",0.178448666084217,-0.26103777287354,0.924791951251824,0.3,"sum.pcb.t1.res","Yes"
"nid",0.0291236273435508,-0.550895856650643,0.609143111337745,0.5,"sum.pcb.t1.res","Yes"
"riid",0.0291236273435508,-0.418024154608628,0.878567535417597,0.5,"sum.pcb.t1.res","Yes"
"rnid",0.0291236273435508,-0.418260396768436,0.879115897336649,0.5,"sum.pcb.t1.res","Yes"
"xy",0.0291236273435508,-0.707829087391187,0.766076342078289,0.5,"sum.pcb.t1.res","Yes"
"wild",0.0291236273435508,-0.721321047922624,0.779568302609726,0.5,"sum.pcb.t1.res","Yes"
"pbs",0.0291236273435508,-0.450000901991514,0.949287495714485,0.5,"sum.pcb.t1.res","Yes"
"nid",0.100823196601714,-0.68231203822927,0.883958431432697,0.7,"sum.pcb.t1.res","Yes"
"riid",0.100823196601714,-0.372685891777932,0.894880576044091,0.7,"sum.pcb.t1.res","Yes"
"rnid",0.100823196601714,-0.372761073322951,0.895325276426189,0.7,"sum.pcb.t1.res","Yes"
"xy",0.100823196601714,-0.70374686868997,0.905393261893397,0.7,"sum.pcb.t1.res","Yes"
"wild",0.100823196601714,-0.691312698046642,0.89295909125007,0.7,"sum.pcb.t1.res","Yes"
"pbs",0.100823196601714,-0.63881691989994,0.895101406327845,0.7,"sum.pcb.t1.res","Yes"
"nid",-0.390361418022838,-1.33321170176394,0.552488865718267,0.9,"sum.pcb.t1.res","Yes"
"riid",-0.390361418022838,-1.00526656574561,0.67206336722193,0.9,"sum.pcb.t1.res","Yes"
"rnid",-0.390361418022838,-1.00545566261394,0.672388511143719,0.9,"sum.pcb.t1.res","Yes"
"xy",-0.390361418022838,-1.31943442400696,0.538711587961287,0.9,"sum.pcb.t1.res","Yes"
"wild",-0.390361418022838,-1.12031581540619,0.339592979360518,0.9,"sum.pcb.t1.res","Yes"
"pbs",-0.390361418022838,-1.14045893956375,0.740768333545562,0.9,"sum.pcb.t1.res","Yes"
"nid",-2.24093451751513e-16,-0.537693022702685,0.537693022702684,0.1,"arsenic.t1.res","No"
"riid",-2.24093451751513e-16,-1.06469099980016,0.548203751932585,0.1,"arsenic.t1.res","No"
"rnid",-2.24093451751513e-16,-1.06508345255891,0.548214640860948,0.1,"arsenic.t1.res","No"
"xy",-2.24093451751513e-16,-0.829400614336146,0.829400614336145,0.1,"arsenic.t1.res","No"
"wild",-2.24093451751513e-16,-0.584035198437985,0.584035198437985,0.1,"arsenic.t1.res","No"
"pbs",-2.24093451751513e-16,-1.13954579457928,0.497853987326448,0.1,"arsenic.t1.res","No"
"bayes",-0.203317451175213,-0.714529375847292,0.253202300379196,0.1,"arsenic.t1.res","No"
"bayes_adj_v2",-0.204255007599017,-1.02631939557706,0.617809380379024,0.1,"arsenic.t1.res","No"
"nid",-1.070348039163e-15,-0.42580632955947,0.425806329559468,0.3,"arsenic.t1.res","No"
"riid",-1.070348039163e-15,-0.801698164594475,0.391049542582459,0.3,"arsenic.t1.res","No"
"rnid",-1.070348039163e-15,-0.801807359382546,0.391185949558105,0.3,"arsenic.t1.res","No"
"xy",-1.070348039163e-15,-0.54448275843743,0.544482758437428,0.3,"arsenic.t1.res","No"
"wild",-1.070348039163e-15,-0.411241010860765,0.411241010860763,0.3,"arsenic.t1.res","No"
"pbs",-1.070348039163e-15,-0.807389750162873,0.396516920171456,0.3,"arsenic.t1.res","No"
"bayes",-0.207035409068444,-0.506327971070438,0.0943712423147397,0.3,"arsenic.t1.res","No"
"bayes_adj_v2",-0.207110494344272,-0.696357234946625,0.282136246258082,0.3,"arsenic.t1.res","No"
"nid",-2.37687682518329e-16,-0.560802105434514,0.560802105434513,0.5,"arsenic.t1.res","No"
"riid",-2.37687682518329e-16,-0.799007052571404,-2.37687682516447e-16,0.5,"arsenic.t1.res","No"
"rnid",-2.37687682518329e-16,-0.800375776295899,-2.3768768251644e-16,0.5,"arsenic.t1.res","No"
"xy",-2.37687682518329e-16,-0.535146218342565,0.535146218342565,0.5,"arsenic.t1.res","No"
"wild",-2.37687682518329e-16,-0.448155547370123,0.448155547370123,0.5,"arsenic.t1.res","No"
"pbs",-2.37687682518329e-16,-0.772730474976386,0.360934683352631,0.5,"arsenic.t1.res","No"
"bayes",-0.223000302420788,-0.551225966867852,0.0622425221132062,0.5,"arsenic.t1.res","No"
"bayes_adj_v2",-0.222938078790374,-0.814306454567272,0.368430296986525,0.5,"arsenic.t1.res","No"
"nid",-3.58889123328029e-16,-0.717508692346348,0.717508692346347,0.7,"arsenic.t1.res","No"
"riid",-3.58889123328029e-16,-0.949964005026142,-3.58889123327897e-16,0.7,"arsenic.t1.res","No"
"rnid",-3.58889123328029e-16,-0.95023266838944,-3.58889123327897e-16,0.7,"arsenic.t1.res","No"
"xy",-3.58889123328029e-16,-0.704382826398463,0.704382826398462,0.7,"arsenic.t1.res","No"
"wild",-3.58889123328029e-16,-0.437308558834728,0.437308558834727,0.7,"arsenic.t1.res","No"
"pbs",-3.58889123328029e-16,-0.958730833708667,0.427109390978933,0.7,"arsenic.t1.res","No"
"bayes",-0.251376261722933,-0.614696156404247,0.0559248936419851,0.7,"arsenic.t1.res","No"
"bayes_adj_v2",-0.251640639978762,-0.89084672540951,0.387565445451985,0.7,"arsenic.t1.res","No"
"nid",0.784516124485444,0.13964401868021,1.42938823029068,0.9,"arsenic.t1.res","No"
"riid",0.784516124485444,-0.75628593115324,1.28674551373807,0.9,"arsenic.t1.res","No"
"rnid",0.784516124485444,-0.908804878226066,1.53509103000146,0.9,"arsenic.t1.res","No"
"xy",0.784516124485444,-0.418244049462427,1.98727629843332,0.9,"arsenic.t1.res","No"
"wild",0.784516124485444,-0.0845143898258417,1.65354663879673,0.9,"arsenic.t1.res","No"
"pbs",0.784516124485444,-0.858346081024867,1.72839393604396,0.9,"arsenic.t1.res","No"
"bayes",0.6069164005939,0.01550175489566,1.13465222070271,0.9,"arsenic.t1.res","No"
"bayes_adj_v2",0.607761523690339,-0.559932174833507,1.77545522221419,0.9,"arsenic.t1.res","No"
"nid",0.312832114871518,-0.283987528811869,0.909651758554906,0.1,"lead.t1.res","No"
"riid",0.312832114871518,-0.95553992966183,1.44503866212473,0.1,"lead.t1.res","No"
"rnid",0.312832114871518,-0.958462234108318,1.49395520785861,0.1,"lead.t1.res","No"
"xy",0.312832114871518,-0.771728698704227,1.39739292844726,0.1,"lead.t1.res","No"
"wild",0.312832114871518,-0.564185135252809,1.18984936499585,0.1,"lead.t1.res","No"
"pbs",0.312832114871518,-0.539758779024657,1.51294159473206,0.1,"lead.t1.res","No"
"bayes",0.602718719050501,-0.0322222082974245,1.26147616353782,0.1,"lead.t1.res","No"
"bayes_adj_v2",0.603776090930066,-0.488560895279325,1.69611307713946,0.1,"lead.t1.res","No"
"nid",2.43102774235921e-15,-0.60078087149027,0.600780871490275,0.3,"lead.t1.res","No"
"riid",2.43102774235921e-15,-0.668156877818394,0.701449926459432,0.3,"lead.t1.res","No"
"rnid",2.43102774235921e-15,-0.668649865850045,0.701728024086469,0.3,"lead.t1.res","No"
"xy",2.43102774235921e-15,-0.654018685465383,0.654018685465388,0.3,"lead.t1.res","No"
"wild",2.43102774235921e-15,-0.538688008146748,0.538688008146753,0.3,"lead.t1.res","No"
"pbs",2.43102774235921e-15,-0.850735652047584,0.765970113937313,0.3,"lead.t1.res","No"
"bayes",0.0821129325110719,-0.320668905106221,0.482143831461803,0.3,"lead.t1.res","No"
"bayes_adj_v2",0.0818545255980329,-0.517767847275908,0.681476898471973,0.3,"lead.t1.res","No"
"nid",-1.47929144236687e-15,-0.784919843029699,0.784919843029696,0.5,"lead.t1.res","No"
"riid",-1.47929144236687e-15,-0.722577951104381,0.591393373370194,0.5,"lead.t1.res","No"
"rnid",-1.47929144236687e-15,-0.722617907613167,0.5914562236588,0.5,"lead.t1.res","No"
"xy",-1.47929144236687e-15,-0.692266123995325,0.692266123995322,0.5,"lead.t1.res","No"
"wild",-1.47929144236687e-15,-0.594681877429092,0.594681877429089,0.5,"lead.t1.res","No"
"pbs",-1.47929144236687e-15,-0.707329310474488,0.884899711484589,0.5,"lead.t1.res","No"
"bayes",-0.0531645420068724,-0.435277485656445,0.33966037596575,0.5,"lead.t1.res","No"
"bayes_adj_v2",-0.0531450202767033,-0.67624134517968,0.569951304626274,0.5,"lead.t1.res","No"
"nid",1.98189023376296e-15,-0.991519893571743,0.991519893571747,0.7,"lead.t1.res","No"
"riid",1.98189023376296e-15,-0.515419803373166,0.788448980301666,0.7,"lead.t1.res","No"
"rnid",1.98189023376296e-15,-0.515493696644655,0.788562710101358,0.7,"lead.t1.res","No"
"xy",1.98189023376296e-15,-0.816665957566955,0.816665957566959,0.7,"lead.t1.res","No"
"wild",1.98189023376296e-15,-0.67802050253251,0.678020502532514,0.7,"lead.t1.res","No"
"pbs",1.98189023376296e-15,-0.783923643478353,1.00806885732896,0.7,"lead.t1.res","No"
"bayes",0.0742986843803262,-0.32928142606262,0.507435494369819,0.7,"lead.t1.res","No"
"bayes_adj_v2",0.0757352235741735,-0.595100552702492,0.746570999850839,0.7,"lead.t1.res","No"
"nid",0.987989282363742,-0.181313090310929,2.15729165503841,0.9,"lead.t1.res","No"
"riid",0.987989282363742,-1.06325357296101,2.15111206938506,0.9,"lead.t1.res","No"
"rnid",0.987989282363742,-1.07356082166975,2.15597150323326,0.9,"lead.t1.res","No"
"xy",0.987989282363742,-0.80603496857054,2.78201353329802,0.9,"lead.t1.res","No"
"wild",0.987989282363742,-0.618025005704379,2.59400357043186,0.9,"lead.t1.res","No"
"pbs",0.987989282363742,-1.08225289387979,2.28747011656807,0.9,"lead.t1.res","No"
"bayes",1.04275505014762,0.133860429442094,1.87382170767424,0.9,"lead.t1.res","No"
"bayes_adj_v2",1.03955129213272,-0.968434135121432,3.04753671938687,0.9,"lead.t1.res","No"
"nid",5.78743508151373e-16,-0.364054787021072,0.364054787021073,0.1,"bbhc.t1.res","No"
"riid",5.78743508151373e-16,-0.22092699129415,0.427151110151686,0.1,"bbhc.t1.res","No"
"rnid",5.78743508151373e-16,-0.221414431413098,0.427347608499915,0.1,"bbhc.t1.res","No"
"xy",5.78743508151373e-16,-0.394684153089458,0.394684153089459,0.1,"bbhc.t1.res","No"
"wild",5.78743508151373e-16,-0.360323208572729,0.36032320857273,0.1,"bbhc.t1.res","No"
"pbs",5.78743508151373e-16,-0.434013407702311,0.409122566397136,0.1,"bbhc.t1.res","No"
"bayes",0.0762511680290345,-0.204589813356763,0.378749187633802,0.1,"bbhc.t1.res","No"
"bayes_adj_v2",0.0765629102808449,-0.320993685786738,0.474119506348428,0.1,"bbhc.t1.res","No"
"nid",-4.39984630682091e-15,-0.314870159982171,0.314870159982162,0.3,"bbhc.t1.res","No"
"riid",-4.39984630682091e-15,-0.602329910199805,0.096675972379355,0.3,"bbhc.t1.res","No"
"rnid",-4.39984630682091e-15,-0.602344823613885,0.0981321841708922,0.3,"bbhc.t1.res","No"
"xy",-4.39984630682091e-15,-0.373909695104718,0.373909695104709,0.3,"bbhc.t1.res","No"
"wild",-4.39984630682091e-15,-0.286560121732964,0.286560121732955,0.3,"bbhc.t1.res","No"
"pbs",-4.39984630682091e-15,-0.577114103636605,0.264471006078958,0.3,"bbhc.t1.res","No"
"bayes",-0.0771114248024465,-0.286586257926894,0.118557612574973,0.3,"bbhc.t1.res","No"
"bayes_adj_v2",-0.076927140832482,-0.361130112219888,0.207275830554924,0.3,"bbhc.t1.res","No"
"nid",-2.82204965078621e-15,-0.370272897156764,0.370272897156758,0.5,"bbhc.t1.res","No"
"riid",-2.82204965078621e-15,-0.474937571275993,0.468137255517444,0.5,"bbhc.t1.res","No"
"rnid",-2.82204965078621e-15,-0.474947485441775,0.468192560009614,0.5,"bbhc.t1.res","No"
"xy",-2.82204965078621e-15,-0.478451768540432,0.478451768540427,0.5,"bbhc.t1.res","No"
"wild",-2.82204965078621e-15,-0.504660167133891,0.504660167133885,0.5,"bbhc.t1.res","No"
"pbs",-2.82204965078621e-15,-0.552225656822118,0.441705913218348,0.5,"bbhc.t1.res","No"
"bayes",-0.101841119834156,-0.359584594961387,0.162631123417751,0.5,"bbhc.t1.res","No"
"bayes_adj_v2",-0.0999070764837979,-0.660033074634289,0.460218921666693,0.5,"bbhc.t1.res","No"
"nid",8.84818164973653e-16,-0.590654888145778,0.590654888145779,0.7,"bbhc.t1.res","No"
"riid",8.84818164973653e-16,-0.490747735626058,0.438942582746569,0.7,"bbhc.t1.res","No"
"rnid",8.84818164973653e-16,-0.490925065270835,0.439039614703398,0.7,"bbhc.t1.res","No"
"xy",8.84818164973653e-16,-0.558068180103969,0.558068180103971,0.7,"bbhc.t1.res","No"
"wild",8.84818164973653e-16,-0.448920266022709,0.44892026602271,0.7,"bbhc.t1.res","No"
"pbs",8.84818164973653e-16,-0.58937236526666,0.51228548071576,0.7,"bbhc.t1.res","No"
"bayes",0.0792654557653825,-0.191487224319774,0.35214261386828,0.7,"bbhc.t1.res","No"
"bayes_adj_v2",0.0799496672555851,-0.492849097171278,0.652748431682448,0.7,"bbhc.t1.res","No"
"nid",0.25791630642585,-0.238198776006094,0.754031388857793,0.9,"bbhc.t1.res","No"
"riid",0.25791630642585,-0.421426876093222,0.645673869188819,0.9,"bbhc.t1.res","No"
"rnid",0.25791630642585,-0.425804280890859,0.698643462320548,0.9,"bbhc.t1.res","No"
"xy",0.25791630642585,-0.271256418282956,0.787089031134656,0.9,"bbhc.t1.res","No"
"wild",0.25791630642585,-0.247885928174388,0.763718541026088,0.9,"bbhc.t1.res","No"
"pbs",0.25791630642585,-0.41512212713917,0.716839972864904,0.9,"bbhc.t1.res","No"
"bayes",0.270218383855118,-0.0385180467604028,0.573892126057674,0.9,"bbhc.t1.res","No"
"bayes_adj_v2",0.269200050651927,-0.193119839169271,0.731519940473126,0.9,"bbhc.t1.res","No"
"nid",5.19036670427657e-15,-0.366068612353718,0.366068612353729,0.1,"sum.pcb.t1.res","No"
"riid",5.19036670427657e-15,-0.181873806462692,1.08718788656236,0.1,"sum.pcb.t1.res","No"
"rnid",5.19036670427657e-15,-0.191573010563473,1.12796313812728,0.1,"sum.pcb.t1.res","No"
"xy",5.19036670427657e-15,-0.709602980238703,0.709602980238714,0.1,"sum.pcb.t1.res","No"
"wild",5.19036670427657e-15,-0.452193500964953,0.452193500964964,0.1,"sum.pcb.t1.res","No"
"pbs",5.19036670427657e-15,-0.212168396277137,1.05228381890065,0.1,"sum.pcb.t1.res","No"
"bayes",0.43098423054827,-0.0376734537775503,0.920411291082668,0.1,"sum.pcb.t1.res","No"
"bayes_adj_v2",0.43212129379987,-0.381503009240227,1.24574559683997,0.1,"sum.pcb.t1.res","No"
"nid",5.19547460801136e-15,-0.431203212751219,0.43120321275123,0.3,"sum.pcb.t1.res","No"
"riid",5.19547460801136e-15,5.19547460800868e-15,1.09817066458786,0.3,"sum.pcb.t1.res","No"
"rnid",5.19547460801136e-15,5.19547460800867e-15,1.10099692993931,0.3,"sum.pcb.t1.res","No"
"xy",5.19547460801136e-15,-0.593501963176182,0.593501963176192,0.3,"sum.pcb.t1.res","No"
"wild",5.19547460801136e-15,-0.412553157648832,0.412553157648843,0.3,"sum.pcb.t1.res","No"
"pbs",5.19547460801136e-15,-6.72289869818061e-15,0.993199112134322,0.3,"sum.pcb.t1.res","No"
"bayes",0.305305396051157,-0.0237565918935105,0.665914768980072,0.3,"sum.pcb.t1.res","No"
"bayes_adj_v2",0.306085064169039,-0.312886477653854,0.925056605991932,0.3,"sum.pcb.t1.res","No"
"nid",1.70993511825444e-15,-0.601355118636144,0.601355118636148,0.5,"sum.pcb.t1.res","No"
"riid",1.70993511825444e-15,-0.462823042986992,0.942931321114916,0.5,"sum.pcb.t1.res","No"
"rnid",1.70993511825444e-15,-0.462856210055997,0.943228381491142,0.5,"sum.pcb.t1.res","No"
"xy",1.70993511825444e-15,-0.68440706644206,0.684407066442063,0.5,"sum.pcb.t1.res","No"
"wild",1.70993511825444e-15,-0.643807549114219,0.643807549114222,0.5,"sum.pcb.t1.res","No"
"pbs",1.70993511825444e-15,-0.403732718431919,0.90899605618649,0.5,"sum.pcb.t1.res","No"
"bayes",0.322770703546781,-0.0542168658128587,0.687963500634395,0.5,"sum.pcb.t1.res","No"
"bayes_adj_v2",0.322302531205364,-0.488374908300669,1.1329799707114,0.5,"sum.pcb.t1.res","No"
"nid",4.75785367248374e-15,-0.737636368433793,0.737636368433803,0.7,"sum.pcb.t1.res","No"
"riid",4.75785367248374e-15,-0.404551570466169,0.972200689349853,0.7,"sum.pcb.t1.res","No"
"rnid",4.75785367248374e-15,-0.406072088136674,0.972210115044244,0.7,"sum.pcb.t1.res","No"
"xy",4.75785367248374e-15,-0.793347716111271,0.793347716111281,0.7,"sum.pcb.t1.res","No"
"wild",4.75785367248374e-15,-0.698097551977973,0.698097551977983,0.7,"sum.pcb.t1.res","No"
"pbs",4.75785367248374e-15,-0.660290616101093,0.970667319205133,0.7,"sum.pcb.t1.res","No"
"bayes",0.283438626984775,-0.113242763489758,0.670831338019119,0.7,"sum.pcb.t1.res","No"
"bayes_adj_v2",0.28341400053696,-0.540667966394297,1.10749596746822,0.7,"sum.pcb.t1.res","No"
"nid",-0.421856435087859,-1.32077633402494,0.477063463849222,0.9,"sum.pcb.t1.res","No"
"riid",-0.421856435087859,-1.02600658371674,0.795979683429718,0.9,"sum.pcb.t1.res","No"
"rnid",-0.421856435087859,-1.02609181871404,0.79601409945202,0.9,"sum.pcb.t1.res","No"
"xy",-0.421856435087859,-1.37972773560313,0.53601486542741,0.9,"sum.pcb.t1.res","No"
"wild",-0.421856435087859,-1.20244381871449,0.358730948538773,0.9,"sum.pcb.t1.res","No"
"pbs",-0.421856435087859,-1.17174498372982,0.742977619208858,0.9,"sum.pcb.t1.res","No"
"bayes",-0.08728439574295,-0.601962571780882,0.49004302543473,0.9,"sum.pcb.t1.res","No"
"bayes_adj_v2",-0.0857755270602861,-1.15032404252451,0.97877298840394,0.9,"sum.pcb.t1.res","No"
